Department,Faculty
Accounting,Management Sciences
Actuarial Science & Insurance,Management Sciences
Adult Education,Education
Anaesthesia,Clinical Sciences
Anatomic & Molecular Pathology,Basic Medical Sciences
Anatomy,Basic Medical Sciences
Architecture,Environmental Sciences
Arts & Social Science Education,Education
Biochemistry,Sciences
Biology Education,Education
Biomedical Engineering,Engineering
Botany,Sciences
Building,Environmental Sciences
Business Administration,Management Sciences
Cell Biology & Genetics,Sciences
Chemical Engineering,Engineering
Chemistry,Sciences
Child Dental Health,Dental Sciences
Civil & Environmental Engineering,Engineering
Clinical pathology,Clinical Sciences
Clinical Pharmacy & Biopharmacy,Pharmacy
Community Health & Primary Care,Clinical Sciences
Computer Engineering,Engineering
Computer Sciences,Sciences
Creative Arts,Arts
Economics,Social Sciences
Education Administration,Education
Educational Foundations,Education
Electrical & Electronics Engineering,Engineering
English,Arts
Estate,Environmental Sciences
European Languages & Integration Studies,Arts
Finance,Management Sciences
Geography,Social Sciences
Geosciences,Sciences
Haematology & blood transfusion,Clinical Sciences
History & Strategic Studies,Arts
Human Kinetics & Health Education,Education
Industrial Relations & Personnel Management,Management Sciences
Law,Law
Linguistics African Asian Studies,Arts
Marine Science,Sciences
Mass Communication,Social Sciences
Mathematics,Sciences
Mechanical Engineering,Engineering
Medical Laboratory Science,Basic Medical Sciences
Medical Microbiology & Parasitology,Basic Medical Sciences
Medicine,Clinical Sciences
Metallurgical & Materials Engineering,Engineering
Microbiology,Sciences
Nursing,Clinical Sciences
Obstetrics & Gynaecology,Clinical Sciences
Ophthalmology,Clinical Sciences
Oral And Maxillofacial Surgery,Dental Sciences
Oral Pathology/Biology,Dental Sciences
Paediatrics,Clinical Sciences
Petroleum & Gas Engineering,Engineering
Pharmaceutical Chemistry,Pharmacy
Pharmaceutics & Pharmaceutical Technology,Pharmacy
Pharmacognosy,Pharmacy
Philosophy,Arts
Physics,Sciences
Physiology,Basic Medical Sciences
Physiotherapy,Clinical Sciences
Political Science,Social Sciences
Preventive Dentistry,Dental Sciences
Psychiatry,Clinical Sciences
Psychology,Social Sciences
Quantity Surveying,Environmental Sciences
Radiology,Clinical Sciences
Restorative Dentistry,Dental Sciences
Science Tech. Education,Education
Sociology,Social Sciences
Statistics,Sciences
Surgery,Clinical Sciences
Surveying & Geo-Informatics Engineering,Engineering
Systems Engineering,Engineering
Urban & Regional Planning,Environmental Sciences
Zoology,Sciences